Plugin,Menu,Section,Type,English,Japanese
"ICE","","","","Action Info: ","アクション情報: "
"ICE","","","","Add Armor/Housing/Mounts","装備／ハウジング／マウントを追加"
"ICE","","","","Add delay to crafting menu","製作メニューに待機を追加"
"ICE","","","","Add delay to gather","採集に待機を追加"
"ICE","","","","Add delay to mission menu","ミッションメニューに待機を追加"
"ICE","","","","Add Location","地点を追加"
"ICE","","","","Add Material/Dyes/Items","素材／染料／アイテムを追加"
"ICE","","","","Add New Command","新しいコマンドを追加"
"ICE","","","","Add Profile","プロファイルを追加"
"ICE","","","","Add to Cosmic Agenda","コスモアジェンダに追加"
"ICE","","","","Adds a small random offset to navigation destinations so the character doesn't always follow the exact same path","移動先に小さなランダムずれを加え、毎回まったく同じ経路を通らないようにします"
"ICE","","","","after","後"
"ICE","","","","Ageless Words / Solid Reason","老農の知／石工の理"
"ICE","","","","Agenda Mode","アジェンダモード"
"ICE","","","","All Class progresses","全クラス進捗"
"ICE","","","","All Classes","全クラス"
"ICE","","","","Apply to agenda","アジェンダへ適用"
"ICE","","","","Apply to Mission Types","ミッション種別へ適用"
"ICE","","","","Apply to similar missions","類似ミッションへ適用"
"ICE","","","","Auto Cordial","コーディアル自動使用"
"ICE","","","","Auto Hide/Show Planet Tokens","惑星トークンを自動表示／非表示"
"ICE","","","","Auto Resize Overlay","オーバーレイを自動リサイズ"
"ICE","","","","Auto Select","自動選択"
"ICE","","","","Auto Select Job","ジョブを自動選択"
"ICE","","","","Auto start upon entering a Cosmic Exploration area","コスモエクスプローラーエリア進入時に自動開始"
"ICE","","","","Auto-Remove Stellar Status","ステラーステータスを自動解除"
"ICE","","","","Auto-Use","自動使用"
"ICE","","","","Auto-Use Stellar Sprint","ステラースプリントを自動使用"
"ICE","","","","Automate cosmodrone","コスモドローンを自動化"
"ICE","","","","Automating Hub Activities","拠点アクティビティを自動化"
"ICE","","","","Average Time History to keep","保持する平均時間履歴"
"ICE","","","","Avoid Stellar Return for pathing","経路移動でステラーリターンを避ける"
"ICE","","","","Battle Job##relicJob","戦闘ジョブ##relicJob"
"ICE","","","","Beta, might not work","ベータ機能：正常に動作しない場合があります"
"ICE","","","","Blessed / Kings Yield I","恵みの加護／キングスイールドI"
"ICE","","","","Blessed / Kings Yield II","恵みの加護／キングスイールドII"
"ICE","","","","Bountiful Yield II / Bountiful Harvest II","バウンティフルイールドII／バウンティフルハーベストII"
"ICE","","","","Buy At Amount","この所持数で購入"
"ICE","","","","Buy Drones","ドローンを購入"
"ICE","","","","Buy Items","アイテムを購入"
"ICE","","","","Character Settings","キャラクター設定"
"ICE","","","","Class Progress","クラス進捗"
"ICE","","","","Class Score","クラススコア"
"ICE","","","","Clear shopping list","買い物リストをクリア"
"ICE","","","","Configure the weights for each item in the Gamba. Higher weight = more desirable.","Gamba内の各アイテムの重みを設定します。数値が高いほど優先度が高くなります。"
"ICE","","","","Copy Logs","ログをコピー"
"ICE","","","","Copy Selected Profile","選択中プロファイルをコピー"
"ICE","","","","Cordial Settings","コーディアル設定"
"ICE","","","","Cosmic Agenda","コスモアジェンダ"
"ICE","","","","Cosmic Helper","コスモヘルパー"
"ICE","","","","Craft Item Settings","製作アイテム設定"
"ICE","","","","Crafting","製作"
"ICE","","","","Crafting Return Spot","製作時の帰還地点"
"ICE","","","","Credit Shopping","クレジット購入"
"ICE","","","","Critical Missions","クリティカルミッション"
"ICE","","","","Current planet has no stored fishing holes in the sheets. (Might need to be added?)","現在の惑星には保存済みの釣り場データがありません。（追加が必要かもしれません）"
"ICE","","","","Current Tool XP","現在のツールEXP"
"ICE","","","","Default","デフォルト"
"ICE","","","","Delay Post Relic Turnin","レリック納品後の待機時間"
"ICE","","","","Delete Profile","プロファイルを削除"
"ICE","","","","Delete Selected Profile","選択中プロファイルを削除"
"ICE","","","","Dev Favorites","開発者おすすめ"
"ICE","","","","Disable HUD Clipping","HUDのクリッピングを無効化"
"ICE","","","","Disable Pathfinding to Red Alerts","レッドアラートへの経路探索を無効化"
"ICE","","","","Dismount Target Range","降りる対象距離"
"ICE","","","","Distance before hub return is used (yalms)","拠点帰還を使う距離（ヤルム）"
"ICE","","","","Do you want to buy drones? If yes, enable this","ドローンを購入する場合は有効にしてください"
"ICE","","","","Don't do hub activities when a red alert is active","レッドアラート中は拠点アクティビティを行わない"
"ICE","","","","Dronebit Settings","ドローンビット設定"
"ICE","","","","Enable","有効"
"ICE","","","","Enable Auto Gamba Wheel","Gambaホイール自動化を有効"
"ICE","","","","Enabling this will make it to where pandora's cordial feature won't be auto-paused.","有効にすると、Pandoraのコーディアル機能が自動停止されなくなります。"
"ICE","","","","Expedition Log","遠征ログ"
"ICE","","","","Export to Clipboard","クリップボードへ出力"
"ICE","","","","Extract Spiritbond on Gather","採集中にマテリア精製"
"ICE","","","","Field Mastery | Sharp Vision I","フィールドマスタリー／シャープビジョンI"
"ICE","","","","Field Mastery | Sharp Vision II","フィールドマスタリー／シャープビジョンII"
"ICE","","","","Field Mastery | Sharp Vision III","フィールドマスタリー／シャープビジョンIII"
"ICE","","","","Filter by current job only","現在のジョブだけで絞り込む"
"ICE","","","","Finding drone locations is turned off, so we're just going to ignore this. If you want to run this, please enable it","ドローン地点探索がOFFのため、この処理は無視します。実行する場合は有効にしてください。"
"ICE","","","","Flora Mastery | Clear Vision [Temp]","フローラマスタリー／クリアビジョン［仮］"
"ICE","","","","Food","食事"
"ICE","","","","Food Settings","食事設定"
"ICE","","","","For botanist/miner/fisher","園芸師／採掘師／漁師向け"
"ICE","","","","For fisher only","漁師のみ"
"ICE","","","","Gamba Delay","Gamba待機時間"
"ICE","","","","Gamble Between Runs","周回の合間にGambaを実行"
"ICE","","","","Gambling Settings","Gamba設定"
"ICE","","","","Gather Profiles","採集プロファイル"
"ICE","","","","Gathering","採集"
"ICE","","","","Gathering Profile","採集プロファイル"
"ICE","","","","Global Artisan Settings","Artisan共通設定"
"ICE","","","","Go buy items when you reach","この値に達したら購入へ移動"
"ICE","","","","Gold Completion Grind","金評価周回"
"ICE","","","","Here's what each of the following does:","各項目の動作："
"ICE","","","","Hide Completed","完了済みを非表示"
"ICE","","","","Hide Unsupported Missions","未対応ミッションを非表示"
"ICE","","","","Highlight EX+ token weathers","EX+トークン対象天候を強調表示"
"ICE","","","","Hold Control to delete profile","Ctrlを押しながらプロファイルを削除"
"ICE","","","","Hold shift to allow applying","Shiftを押しながら適用"
"ICE","","","","Hub Activities","拠点アクティビティ"
"ICE","","","","If stuck during nav movement:","ナビ移動中にスタックした場合："
"ICE","","","","If you want to let it auto select the wheels and gamba, enable this. If you want to not auto run when you're running the gamble wheel, disable this.","ホイールとGambaを自動選択させる場合は有効にします。Gambaホイール使用時に自動実行したくない場合は無効にしてください。"
"ICE","","","","Ignore non-Cosmic prompts","コスモ関連以外の確認を無視"
"ICE","","","","Import Selected Profile","選択中プロファイルをインポート"
"ICE","","","","Increase Gathering & Crafting Speed","採集・製作速度を上げる"
"ICE","","","","Info","情報"
"ICE","","","","Inverse Priority (Watered -> Regular -> Hi)","優先順位を反転（Watered → Regular → Hi）"
"ICE","","","","It appears that you have on of the following enabled","以下のいずれかが有効になっています"
"ICE","","","","Jump","ジャンプ"
"ICE","","","","Keep ""A Rank"" missions and below","Aランク以下のミッションを維持"
"ICE","","","","Keep this much Cosmocredits","このコスモクレジット数を残す"
"ICE","","","","Leveling Grind","レベリング周回"
"ICE","","","","Max Use","最大使用回数"
"ICE","","","","Maximum Drones","ドローン最大数"
"ICE","","","","Min mission rank for cordials","コーディアルを使う最低ミッションランク"
"ICE","","","","Min mission rank for food","食事を使う最低ミッションランク"
"ICE","","","","Minimum Gp for Usage","使用する最低GP"
"ICE","","","","Minimum GP to start mission","ミッション開始に必要な最低GP"
"ICE","","","","Minimum Grade 8 Dark Matter","G8ダークマター最低所持数"
"ICE","","","","Minimum Mounting Range","マウントを使用する最低距離"
"ICE","","","","Minimum Node Durability for Usage","使用する最低採集ポイント耐久"
"ICE","","","","Mininum credits to keep","残しておく最低クレジット"
"ICE","","","","Minumum Items To Gather","最低採集数"
"ICE","","","","Misc Settings","その他設定"
"ICE","","","","Mission Priority","ミッション優先順位"
"ICE","","","","Mission Search Priority","ミッション検索優先順位"
"ICE","","","","Mission Settings","ミッション設定"
"ICE","","","","Mission Setup","ミッション準備"
"ICE","","","","Mission Type","ミッション種別"
"ICE","","","","Mount Settings","マウント設定"
"ICE","","","","ms stuck###StuckDelay","ms スタック判定###StuckDelay"
"ICE","","","","ms###Crafting","ms###Crafting"
"ICE","","","","ms###Mission","ms###Mission"
"ICE","","","","Need Help?","ヘルプが必要ですか？"
"ICE","","","","New Profile Name","新しいプロファイル名"
"ICE","","","","No location set","地点が設定されていません"
"ICE","","","","Node Durability For Usage","使用する採集ポイント耐久"
"ICE","","","","Nophica's / Nald'thal's Tidings Buff","ノフィカ／ナルザルの加護バフ"
"ICE","","","","Only enable this if you want plan on doing missions YOURSELF. AND NOT AUTOMATING IT. Or if you're letting a different plugin do all the automating of turning in, craftings, gathering... and not letting I.C.E. handle interacting with those plugins","ミッションを自分で操作し、I.C.E.では自動化しない場合だけ有効にしてください。"
"ICE","","","","Overlay Window","オーバーレイウィンドウ"
"ICE","","","","Pathfinding","経路探索"
"ICE","","","","Personalized Fishing Spots","個人用釣り場"
"ICE","","","","Pioneer's | Mountaineer's Gift I","パイオニア／マウンテニアギフトI"
"ICE","","","","Pioneer's | Mountaineer's Gift II","パイオニア／マウンテニアギフトII"
"ICE","","","","Planet Selection","惑星選択"
"ICE","","","","Play Sound Alert on Stop","停止時に通知音を鳴らす"
"ICE","","","","Plugin Logs","プラグインログ"
"ICE","","","","Plugin Requirements","必要プラグイン"
"ICE","","","","Post Mission Commands","ミッション後コマンド"
"ICE","","","","Post Mission Settings","ミッション後設定"
"ICE","","","","Potion","薬品"
"ICE","","","","Potions","薬品"
"ICE","","","","Prefer smaller wheel","小さいホイールを優先"
"ICE","","","","Prevent Overcap","上限超過を防ぐ"
"ICE","","","","Prioritize closest gathering node","最も近い採集ポイントを優先"
"ICE","","","","Quick Apply Turnins","納品設定をクイック適用"
"ICE","","","","Randomize radius (yalms)","ランダム半径（ヤルム）"
"ICE","","","","Randomize waypoint positions","ウェイポイント位置をランダム化"
"ICE","","","","Recipe Detailed Info","レシピ詳細情報"
"ICE","","","","Record Settings","記録設定"
"ICE","","","","Red Alert","レッドアラート"
"ICE","","","","Relic Grind","レリック周回"
"ICE","","","","Remove Mission Upon Gold Completion","金評価達成時にミッションを除外"
"ICE","","","","Repair all gear in bag","所持品内の装備をすべて修理"
"ICE","","","","Repair at Vendor","修理NPCで修理"
"ICE","","","","Repair Settings","修理設定"
"ICE","","","","Reset Weights","重みをリセット"
"ICE","","","","Retarget","再ターゲット"
"ICE","","","","Run Drone Finder","ドローン探索を実行"
"ICE","","","","Safety Settings","安全設定"
"ICE","","","","Save to Favorites","お気に入りへ保存"
"ICE","","","","Select Class","クラス選択"
"ICE","","","","Select Gathering Food","採集用食事を選択"
"ICE","","","","Select Mode","モード選択"
"ICE","","","","Select Mounting Option","マウント設定を選択"
"ICE","","","","Self Repair Crafter","クラフターで自己修理"
"ICE","","","","Self Repair Gather","ギャザラーで自己修理"
"ICE","","","","Sequence Missions","連続ミッション"
"ICE","","","","Setup Gathering Profiles","採集プロファイルを設定"
"ICE","","","","Show Crazy Taxi Arrow when navmeshing","navmesh移動中にCrazy Taxi矢印を表示"
"ICE","","","","Show Current Class Score","現在クラスのスコアを表示"
"ICE","","","","Show enabled missions on weather hover","天候にカーソルを合わせたとき有効ミッションを表示"
"ICE","","","","Show Experience Bars on Overlay","オーバーレイに経験値バーを表示"
"ICE","","","","Show random location debug target","ランダム地点のデバッグターゲットを表示"
"ICE","","","","Show Seconds","秒を表示"
"ICE","","","","Show Total Score","合計スコアを表示"
"ICE","","","","So if you stop and you're unsure why... this might be why","停止した理由が分からない場合は、この設定が原因かもしれません"
"ICE","","","","Solver","ソルバー"
"ICE","","","","Solver Type","ソルバー種別"
"ICE","","","","Sort By","並び順"
"ICE","","","","Squadron Manual","中隊マニュアル"
"ICE","","","","Stage","段階"
"ICE","","","","Standard","標準"
"ICE","","","","Start","開始"
"ICE","","","","Start Gambling @","Gamba開始値 @"
"ICE","","","","Stop","停止"
"ICE","","","","Stop @ Relic Complete","レリック完成時に停止"
"ICE","","","","Stop after current mission","現在のミッション終了後に停止"
"ICE","","","","Stop at Cosmic Credits","コスモクレジット到達時に停止"
"ICE","","","","Stop at Cosmic Score","コスモスコア到達時に停止"
"ICE","","","","Stop at Level","指定レベル到達時に停止"
"ICE","","","","Stop at Planetary Credit Amount","惑星クレジット指定値で停止"
"ICE","","","","Stop once relic completed","レリック完成後に停止"
"ICE","","","","Stop when below x dark matter","ダークマターが指定数未満で停止"
"ICE","","","","Stop When Mastery Complete","マスターシップ完了時に停止"
"ICE","","","","Stop When...","停止条件..."
"ICE","","","","Stuck Detection","スタック検出"
"ICE","","","","Stylist","Stylist"
"ICE","","","","Swap jobs when turning in relic","レリック納品時にジョブを切替"
"ICE","","","","These are a list of the following plugins that are required for the plugin to function. If you don't have these installed, it will not function properly","このプラグインの動作に必要なプラグイン一覧です。導入されていない場合、正常に動作しません。"
"ICE","","","","This is your personalized shopping list that you can create that it will run when you hit a certain amount of credits.","指定クレジット数に達したとき実行する、自分用の買い物リストです。"
"ICE","","","","This isn't required, but highly recommended for leveling up characters. It will auto equip gear from your armory/inventory, and swap it out when running Leveling Grind Mode","必須ではありませんが、レベリング時に強く推奨します。アーマリーチェスト／所持品から装備を自動更新し、レベリング周回中に着替えます。"
"ICE","","","","This will allow you to grind other classes for criticals/red alerts. (So if you're on crp, but a bsm red alert pops up)","他クラスのクリティカル／レッドアラートも周回対象にします。（例：CRP中にBSMのレッドアラートが出た場合）"
"ICE","","","","This will make the Gamba prefer wheels with less items.","Gambaでアイテム数の少ないホイールを優先します。"
"ICE","","","","Travel & Pathfinding","移動・経路探索"
"ICE","","","","Turnin if relic is complete##RelicTurnin_GeneralSetting","レリック完成時に納品##RelicTurnin_GeneralSetting"
"ICE","","","","Until maxed only","最大になるまでのみ"
"ICE","","","","Use Aethernet","都市内転送を使用"
"ICE","","","","Use Boards (hover platforms)","ボード（浮遊足場）を使用"
"ICE","","","","Use cogs button instead of home","ホームの代わりに歯車ボタンを使用"
"ICE","","","","Use cordial when below the following GP","GPが以下になったらコーディアルを使用"
"ICE","","","","Use food on gathering missions","採集ミッションで食事を使用"
"ICE","","","","Use Global Artisan Settings","Artisan共通設定を使用"
"ICE","","","","Use Hub Return","拠点帰還を使用"
"ICE","","","","Use mount in mission","ミッション中にマウントを使用"
"ICE","","","","Use mount outside mission","ミッション外でマウントを使用"
"ICE","","","","Use personal return spots","個人用帰還地点を使用"
"ICE","","","","Use Red Alert NPC for travel","移動にレッドアラートNPCを使用"
"ICE","","","","Use Stylist to re-equip tools","Stylistで道具を再装備"
"ICE","","","","Visualize Dismount Radius","降りる範囲を表示"
"ICE","","","","Visualize radius","範囲を表示"
"ICE","","","","When enabled, overlays will render over the native UI elements","有効にすると、オーバーレイをゲーム標準UIより前面に表示します"
"ICE","","","","Where'd the dual craft amount go?","2クラス製作数の設定はどこ？"
"ICE","","","","You can't buy any items with your current credit value/items (tis fine, this just a test)","現在のクレジット／所持アイテムでは購入できるものがありません。（テスト用表示です）"
"ICE","","","","Show tab list","タブ一覧を表示"
"ICE","","","","Hide tab list","タブ一覧を隠す"
"ICE","","","","Sheet: Mission Rewards","シート: ミッション報酬"
"ICE","","","","Group","グループ"
"ICE","","","","Hi! Welcome to Ice's Cosmic Exploration [Short form, I.C.E.]","ようこそ！Ice's Cosmic Exploration（略称 I.C.E.）へ"
"ICE","","","","This plugin is meant to help you with your cosmic exploration needs, from automating the gathering and crafting process, to the buying of shop items or spending those planetary credits away.","このプラグインは、採取・製作の自動化からショップでの購入、惑星クレジットの消費まで、宇宙探査を幅広く支援します。"
"ICE","","","","Gathering Setup","採取セットアップ"
"ICE","","","","If you would like to auto setup gathering to where all missions have their gathering buffs to what I would recommend","全ミッションの採取バフをおすすめ設定に自動でセットアップしたい場合はこちら"
"ICE","","","","All gathering profile have been updated/automatically applied","すべての採取プロファイルを更新し、自動で適用しました"
"ICE","","","","Main Logs","メインログ"
"ICE","","","","Destination Logs","移動先ログ"
"ICE","","","","Copy logs to clipboard","ログをクリップボードにコピー"
"ICE","","","","Search logs...","ログを検索..."
"ICE","","","","Count","回数"
"ICE","","","","Level","レベル"
"ICE","","","","Category","カテゴリ"
"ICE","","","","Message","メッセージ"
"ICE","","","","Destination Log Viewer","移動先ログビューア"
"ICE","","","","Timestamp","時刻"
"ICE","","","","Destination","移動先"
"ICE","","","","Distance","距離"
"ICE","","","","Copy Info","情報をコピー"
"ICE","","","","Unknown Tip View","不明なヒント画面"
"ICE","","","","Each planet has a dedicated set of missions are deemed the most ""Optimal"" when it comes to farming score.
There's certain missions that are worth grinding more than others. Weather/time also plays a part of it all. Below is what I would recommend on a per class basis.","各惑星には、スコア稼ぎの面で最も「効率的」とされるミッション群があります。
中には他より周回する価値の高いミッションがあり、天候や時間も関係します。以下はクラスごとのおすすめです。"
"ICE","","","","There is 5 different modes that exist currently (as of writing this) that all serve minorly differently functions.","現在（執筆時点で）5種類のモードがあり、それぞれ少しずつ異なる役割を持っています。"
"ICE","","","","Depending on what you want / what your goal is, these all serve all different functions.","目的や目標に応じて、それぞれ違った使い方ができます。"
"ICE","","","","Mode Selection Info","モード選択の説明"
"ICE","","","","Leveling Mode","レベリングモード"
"ICE","","","","The most straightforward mode. Standard runs only the missions you have enabled for your current class — you pick what you want done, and it handles the rest.","最も分かりやすいモードです。スタンダードは現在のクラスで有効にしたミッションだけを実行します。やりたいことを選べば、あとは自動で処理します。"
"ICE","","","","This gives you full control over what missions to run, making it ideal for:","実行するミッションを完全に制御できるため、次の用途に最適です："
"ICE","","","","Score Farming — select specific high-value missions","スコア稼ぎ — 高価値のミッションを選んで周回"
"ICE","","","","Exp Grinding","経験値稼ぎ"
"ICE","","","","Credit / Planetary Credits / Token farming","クレジット／惑星クレジット／トークン稼ぎ"
"ICE","","","","Basic missions (Ranks D→A) will only pull from the class you started on. Provisional missions (Weather, Timed, and Sequence) and Red Alerts will be picked up between missions — enable the multi-class setting to allow switching classes for these as well.","基本ミッション（ランクD→A）は開始時のクラスからのみ選ばれます。臨時ミッション（天候・時限・シーケンス）と緊急ミッションはミッションの合間に受注されます。これらでクラス切替を許可するには、マルチクラス設定を有効にしてください。"
"ICE","","","","A mode designed to automate mission selection for relic progression with minimal intervention. It scans all available missions, evaluates the experience each one provides, and picks whichever yields the most for your current level.","レリック進行のためのミッション選択を、最小限の操作で自動化するモードです。受注可能な全ミッションを走査し、それぞれの経験値を評価して、現在のレベルで最も稼げるものを選びます。"
"ICE","","","","If you're high enough level to need the next rank category but haven't unlocked it yet (e.g. Rank D completed but Rank C not yet unlocked), make sure to unlock it manually before starting.","次のランク帯が必要なレベルに達しているのに未解放の場合（例: ランクDは完了したがランクCが未解放）、開始前に手動で解放しておいてください。"
"ICE","","","","Note: this mode does not swap planets for you. Each planet also has an exp cap:","注意: このモードは惑星の移動を行いません。また各惑星には経験値の上限があります："
"ICE","","","","Sinus   — Rank IV Max","焦がれの入江   — ランクIVまで"
"ICE","","","","Phaenna — Rank V Max","パエンナ — ランクVまで"
"ICE","","","","Oizys   — Rank VI Max","オイジュス   — ランクVIまで"
"ICE","","","","Auxesia - Rank VII Max","アウクセシア - ランクVIIまで"
"ICE","","","","So make sure that you're on the correct planet to accomodate for the exp that you needand to allow for completion your relic.","必要な経験値が得られ、レリックを完成させられる正しい惑星にいることを確認してください。"
"ICE","","","","Gold Completion","ゴールド達成"
"ICE","","","","A very direct mode of aiming to get a gold completion of every single mission that is not currently gold-completed.Removed the need of selecting each mission that you want to do, and will automatically pick->choose the missions based onthe priority that you currently have set.","ゴールド未達成の全ミッションでゴールド評価を目指す、とても直接的なモードです。やりたいミッションを個別に選ぶ必要がなく、現在設定している優先度に基づいて自動でミッションを選択します。"
"ICE","","","","PLEASE NOTE: that this has no other internal logic. It has no way to tell it can't do the mission due to eithera set of missing stats, no food... ect. This is just meant to be the most direct ""auto select missions that it can do"".If you want some control over WHICH missions that you know you can do, select standard mode and choose the missions that need completed","注意: このモードにはそれ以外の内部ロジックはありません。ステータス不足や食事なしなどでミッションをこなせないかどうかは判断できません。あくまで「できるミッションを自動で選ぶ」だけの最も直接的なモードです。こなせると分かっているミッションを自分で制御したい場合は、スタンダードモードで完了したいミッションを選んでください。"
"ICE","","","","This mode also respects the settings of being able to grind off class provisionals","このモードも、他クラスの臨時ミッションを回す設定を尊重します"
"ICE","","","","A mode designed around selecting the best missions that give both the most experience, while alsochoosing the missions that can be done the quickest. These are all completed on bronze completion (aka the fastest you can complete a mission)because experience doesn't scale off of the level of turnin. Meaning if a mission gives 125% exp, it'll alwayws give that","最も経験値が多く、かつ最も速く終わるミッションを選ぶことに特化したモードです。経験値は納品評価に応じて変わらないため、すべてブロンズ評価（＝最速の完了）で納品します。つまり125%の経験値を与えるミッションは常にその値を与えます。"
"ICE","","","","Crafters","クラフター"
"ICE","","","","Missions are selected with the lowest progress","進捗が最も低いミッションが選ばれます"
"ICE","","","","Quality DOES NOT MATTER for these","品質は一切関係ありません"
"ICE","","","","YOU WILL NEED TO GO UNLOCK COLLECTABLES IN MOR DHONA AT LV. 50 IF YOU HAVEN'T ALREADY","まだの場合は、Lv.50でモードゥナに行き、収集品を解放しておく必要があります"
"ICE","","","","You can get away with leveling up your gear at the following levels if you really wanna be stingy like me:","私のように節約したいなら、装備の更新は次のレベルで済ませられます："
"ICE","","","","These are the points where I found i could just get away with, if you want to make it go faster absolutely can grab gear more often between but.","これが私が最低限で済ませられたポイントです。もっと速く進めたければ、間でこまめに装備を更新しても構いません。"
"ICE","","","","A bit more tedious, and defitenly not the fastest, but it's the safest so far.","少し手間がかかり最速ではありませんが、今のところ最も安全な方法です。"
"ICE","","","","Fisher has profiles already built into the plugin, and Btn/Min will auto set profiles to be able to turnin missions ASAP","漁師はプラグインに組み込みのプロファイルがあり、園芸師/採掘師はできるだけ早く納品できるよう自動でプロファイルを設定します"
"ICE","","","","You NEED to get gear more often here than crafters, about every 5-7 levels below lv 50, then about every 3 levels after","クラフターより頻繁に装備更新が必要です。Lv.50までは5〜7レベルごと、以降は約3レベルごとが目安です"
"ICE","","","","Cosmic Agenda | Agenda Mode","コスモアジェンダ | アジェンダモード"
"ICE","","","","The mode to help combine (most) of the other modes into one little playlist so you can set and forget.The purpose of this is to allow you to organize when and what order you want to do things","他のモード（の大半）を1つのプレイリストにまとめ、設定したら放置できるようにするモードです。いつ・どの順番で何をするかを整理できます"
"ICE","","","","This includes but not limited to:","例えば次のようなことができます："
"ICE","","","","Leveling selected classes to to a specific level","選択したクラスを特定のレベルまで上げる"
"ICE","","","","Farming specific classes scores to 500k","特定クラスのスコアを50万まで稼ぐ"
"ICE","","","","Completed relics on all classes","全クラスのレリックを完成させる"
"ICE","","","","You can specify the modes that you want to use these from, and it will run continue attempting to do that class until that objective is complete.This will respect any setting that you currently have enabled, it's jsut a fancy way of letting you the user choose what to do","使用するモードを指定でき、その目標が達成されるまでそのクラスで実行を続けます。現在有効な設定はすべて尊重されます。ユーザーが何をするかを選ぶための便利な仕組みです"
"ICE","","","","Welcome! This is probably the most complicated plugin I've created so far.","ようこそ！これはおそらく私がこれまでに作った中で最も複雑なプラグインです。"
"ICE","","","","This plugin is designed for specifically for the use of Cosmic Exploration, and is kinda hefty. So I'm going to try and go through all the different tips / tricks","このプラグインは宇宙探査専用に設計されており、かなりボリュームがあります。そこで、さまざまなヒントやコツを順に説明していきます"
"ICE","","","","To the side you'll find a couple of different tabs that will *try* and answer any question that you migth have.","横にあるいくつかのタブで、疑問への答えが（できる限り）見つかるはずです。"
"ICE","","","","PLEASE MAKE SURE TO CHECK THE REQUIREMENTS SECTION TO SEE WHAT YOU NEED FOR WHAT","何に何が必要かは、必ず「必要要件」のセクションで確認してください"
"ICE","","","","Or just read a specific tab to find out. Probably would answer a lot of questions","または該当するタブを読んでください。多くの疑問はそれで解決するはずです"
"ICE","","","","Current Agenda","現在のアジェンダ"
"ICE","","","","Mode Selection","モード選択"
"ICE","","","","Description","説明"
"ICE","","","","Save","保存"
"ICE","","","","Saved Agenda's","保存済みアジェンダ"
"ICE","","","","Job","ジョブ"
"ICE","","","","Agenda","アジェンダ"
"ICE","","","","Run Until..","目標.."
"ICE","","","","Mode Select","モード選択"
"ICE","","","","You currently don't have any profiles saved! Please either make one and save, or import if you would like to populate this listing","保存済みのプロファイルがありません。作成して保存するか、インポートして一覧に追加してください"
"ICE","","","","Remove","削除"
"ICE","","","","Progress","進捗"
"ICE","","","","Job Selection","ジョブ選択"
"ICE","","","","No score can be loaded","スコアを読み込めません"
"ICE","","","","No Mastery info can be loaded","マスタリー情報を読み込めません"
"ICE","","","","This mission is currently missing stuff to allow it to work. It might be planet locked, or could be just needs mapped out
I'll get to it when my world gets to it o/","このミッションは動作に必要な情報が不足しています。惑星でロックされているか、まだマッピングされていない可能性があります
私のワールドが追いついたら対応します o/"
"ICE","","","","This mission doesn't have a fishing preset yet, this is your warning for this.","このミッションにはまだ釣りプリセットがありません。ご注意ください。"
"ICE","","","","Time Slot","時間帯"
"ICE","","","","Previous Missions","前のミッション"
"ICE","","","","Next Missions","次のミッション"
"ICE","","","","Click button to view external details","ボタンを押すと詳細ウィンドウを表示します"
"ICE","","","","[Average] Rewards per minute","[平均] 1分あたりの報酬"
"ICE","","","","Kind","種類"
"ICE","","","","Credits","クレジット"
"ICE","","","","Planetary","惑星"
"ICE","","","","Tokens","トークン"
"ICE","","","","Master Settings","マスター設定"
"ICE","","","","Timed Turnin##TurninGoalRadio","時間切れで納品##TurninGoalRadio"
"ICE","","","","Will turnin once the timer runs out
Currently there isn't a way to stop artisan from crafting, it's been requested
Please give it time","タイマーが切れたら納品します
現状 Artisan の製作を止める手段はなく、要望済みです
しばらくお待ちください"
"ICE","","","","Score Goal##ScoreGoalRadio","目標スコア##ScoreGoalRadio"
"ICE","","","","Will turnin when 1 of the 2 things are met:
1: Score that you personally have set has been met
2: Timer has ran out
You can set your score with this mode yourself, due to not knowing the scoring break points
Yet","次のどちらかを満たしたら納品します：
1: 自分で設定したスコアに到達した
2: タイマーが切れた
スコアの区切りが判明していないため、このモードでは目標スコアを自分で設定できます
（今のところは）"
"ICE","","","","Score Goal##ScoreGoalInput","目標スコア##ScoreGoalInput"
"ICE","","","","After X Crafts","X回製作後"
"ICE","","","","Will turn in after X amount of crafts have been completed
Good if you're goal is to just craft a certain amount and not worry bout score
DO NOT. SET THIS TO SOME REDICULOUS AMOUNT AND ASK WHY IT DOESN'T WORK","指定回数の製作が完了したら納品します
一定数だけ製作したくスコアを気にしない場合に便利です
とんでもない回数を設定して「動かない」と聞かないでください"
"ICE","","","","Quick Turnin##QuickTurninRadio","即納品##QuickTurninRadio"
"ICE","","","","Will turnin the mission as soon as it can
Very useful for quick score farming, mount tokens.
For BTN/MIN, this will gather the non-collectable item","できるだけ早くミッションを納品します
手早いスコア稼ぎやマウントトークン集めに便利です
園芸師/採掘師では収集品でないアイテムを採取します"
"ICE","","","","Crafter Recipies","クラフターレシピ"
"ICE","","","","Gather Profile","採取プロファイル"
"ICE","","","","Select Gather Profile","採取プロファイルを選択"
"ICE","","","","Select gathering profile","採取プロファイルを選択"
"ICE","","","","Collectable / Auto","収集品 / 自動"
"ICE","","","","Fishing Profile","釣りプロファイル"
"ICE","","","","Select Fishing Profile","釣りプロファイルを選択"
"ICE","","","","Use Built In Preset","内蔵プリセットを使用"
"ICE","","","","Having this enabled means it will use the default preset that is included with the plugin for autohook. 
If you would like to use one that you already have in autohook, you can un-checkmark this and type the name of it below","有効にすると、プラグインに同梱された AutoHook 用の既定プリセットを使用します。
AutoHook に既にあるプリセットを使いたい場合は、チェックを外して下にその名前を入力してください"
"ICE","","","","Preset Name","プリセット名"
"ICE","","","","Try and apply above profile","上のプロファイルを適用してみる"
"ICE","","","","Allows testing to make sure that you have the preset name
typed in correctly. This is *case* specific so","プリセット名が正しく入力されているかを確認できます。
大文字・小文字は区別されます"
"ICE","","","","Clear Profile","プロファイルをクリア"
"ICE","","","","Type","種別"
"ICE","","","","Completed","完了"
"ICE","","","","Detailed Class View","クラス詳細表示"
"ICE","","","","Relic","レリック"
"ICE","","","","Score","スコア"
"ICE","","","","Mastery","マスタリー"
"ICE","","","","Mastery Score","マスタリースコア"
"ICE","","","","Stop when all standard missions are golded","通常ミッションが全てゴールドになったら停止"
"ICE","","","","Hey! You need to update artisan to use this mode, please update to at minimum:","Artisan の更新が必要です。少なくとも次のバージョンに更新してください："
"ICE","","","","Hey! Your version of autohook is not currently supported on this planet","お使いの AutoHook のバージョンはこの惑星に対応していません"
"ICE","","","","You need to (currently) be on the testing version to be able fish automated here","ここで自動釣りを行うには（現時点では）テスト版を使用する必要があります"
"ICE","","","","There will be another warning to pop up if you try and run this still and it selects a fishing mission...","このまま実行して釣りミッションが選ばれた場合、再度警告が表示されます..."
"ICE","","","","Provisional: Allow All Classes","臨時ミッション: 全クラスを許可"
"ICE","","","","Enabling this will show you all weather/timed/sequence missions that you can grind,
ON TOP OF doing the normal missions for whichever class you start on.
If you just want to focus one specific class, set this to false","有効にすると、開始時のクラスの通常ミッションに加えて、周回できる天候/時限/シーケンスミッションを全て表示します。
特定のクラスに集中したい場合は無効にしてください"
"ICE","","","","Critical: Allow All Classes","緊急ミッション: 全クラスを許可"
"ICE","","","","THIS IS YOUR HEADS UP ON HOW THIS WORKS. If I change this in the future, this tooltip will also change.
1: This will check for your current CLASS [not menu class, actual current class] for relic turnin.
2: The tool being upgraded must not be equipped, so the plugin swaps to another job for the turnin.
	- Uses the job from ""Job Swap Settings"" if it has a gearset, otherwise any other job that has a gearset.
3: This will take prio over ""Stop @ Relic Turnin"", in the sense that if you have both enabled, it will turnin vs stop. And continue about it's day
4: If you're on a crafting class, it will return you back to the stop you were crafting post turnin. 
	- This is optional, you can disable it at your own free will, I just like this so I can just go back to an isolated area of my choosing
5: In Relic Grind mode this all happens automatically (see ""Relic Mode: Auto Upgrade Tool""), even if this box is unchecked.","動作の説明です。今後変更した場合はこのツールチップも更新します。
1: レリック納品は現在の「実際の」クラス（メニューのクラスではなく）で判定します。
2: 強化する主道具は装備していてはいけないため、納品の間は別のジョブに切り替えます。
	- 「ジョブ切替設定」のジョブにギアセットがあればそれを、無ければギアセットのある他の任意のジョブを使います。
3: これは「レリック納品で停止」より優先されます。両方有効なら停止せず納品して続行します。
4: クラフタークラスの場合、納品後に製作していた場所へ戻ります。
	- これは任意で無効にできます。私は好きな場所に戻れるのでこの動作が気に入っています
5: レリック周回モードでは、このチェックが外れていてもこの一連の動作を自動で行います（「レリックモード: 主道具を自動強化」参照）。"
"ICE","","","","Relic Mode: Allow Red Alerts","レリックモード: 緊急ミッションを許可"
"ICE","","","","Relic Mode: Only Enabled","レリックモード: 有効なミッションのみ"
"ICE","","","","Open Job Swap Settings","ジョブ切替設定を開く"
"ICE","","","","Save Current Mission Preset","現在のミッション設定をプリセット保存"
"ICE","","","","Playlist Name","プレイリスト名"
"ICE","","","","Save New List","新規リストを保存"
"ICE","","","","View All Presets","プリセット一覧を表示"
"ICE","","","","Load Mission Preset","ミッションプリセットを読み込む"
"ICE","","","","Amount Enabled","有効数"
"ICE","","","","Clear All","全てクリア"
"ICE","","","","Import Missions","ミッションを取り込む"
"ICE","","","","Remove from list","リストから削除"
"ICE","","","","Sequence","シーケンス"
"ICE","","","","Master","マスター"
"ICE","","","","A Rank","Aランク"
"ICE","","","","B Rank","Bランク"
"ICE","","","","C Rank","Cランク"
"ICE","","","","D Rank","Dランク"
"ICE","","","","Mount Tokens","マウントトークン"
"ICE","","","","Plugin Tips","プラグインのヒント"
"ICE","","","","Refresh Class info","クラス情報を更新"
"ICE","","","","Global","共通"
"ICE","","","","Global Character Settings","共通キャラクター設定"
"ICE","","","","Character Specific","キャラクター個別"
"ICE","","","","Override active — click to inherit from Global","上書き中 — クリックで共通設定を引き継ぐ"
"ICE","","","","Click to override this setting for this character","クリックでこのキャラクター専用の設定に上書き"
"ICE","","","","Stop when below x dark matter (Global)","暗黒物質が x 未満で停止（共通）"
"ICE","","","","This setting is global and shared across all characters.
Edit it on the Global tab.","この設定は共通で、全キャラクターで共有されます。
共通タブで編集してください。"
"ICE","","","","Override Standard Artisan settings##ovStd","通常製作の Artisan 設定を上書き##ovStd"
"ICE","","","","Override Expert Artisan settings##ovExp","高難易度製作の Artisan 設定を上書き##ovExp"
"ICE","","","","Standard Craft Settings","通常製作の設定"
"ICE","","","","Expert Craft Settings","高難易度製作の設定"
"ICE","","","","Click to override mount for this character","クリックでこのキャラクター専用のマウントに上書き"
"ICE","","","","Select Mounting Option##charMount","マウント設定を選択##charMount"
"ICE","","","","Mount Options","マウント設定"
"ICE","","","","Search","検索"
"ICE","","","","Previous","前へ"
"ICE","","","","Use mount outside mission##global","ミッション外でマウントを使う##global"
"ICE","","","","Global setting — applies to all characters.","共通設定 — 全キャラクターに適用されます。"
"ICE","","","","Use mount in mission##global","ミッション中にマウントを使う##global"
"ICE","","","","Minimum Mounting Range##global","マウント使用の最小距離##global"
"ICE","","","","Dismount Target Range##global","降りる目標距離##global"
"ICE","","","","Class Swap","クラス切替"
"ICE","","","","Battle Job##relicJobOv","戦闘ジョブ##relicJobOv"
"ICE","","","","Force OOM Main","OOM(メイン)を強制"
"ICE","","","","Force OOM Sub","OOM(サブ)を強制"
"ICE","","","","Get current hub forecast","現在の拠点の天気予報を取得"
"ICE","","","","Refresh Forecast","予報を更新"
"ICE","","","","Show Gather Debug Info","採取デバッグ情報を表示"
"ICE","","","","Highlight Visible Missions","表示中ミッションをハイライト"
"ICE","","","","Only grab mission","ミッション受注のみ"
"ICE","","","","Enable Auto Gamba","自動ガンブルを有効化"
"ICE","","","","Unlocked","解放済み"
"ICE","","","","Weight","重み"
"ICE","","","","Yes","はい"
"ICE","","","","What's the minimum gp you can have before it uses a cordial.
If set to 0, it'll never use a cordial even with it enabled (because... you'll never have 0 gp)","コーディアルを使う GP の下限です。
0 にすると有効でも決して使いません（GP が 0 になることはないため）"
"ICE","","","","Food Selection","食事の選択"
"ICE","","","","No Food Selected","食事未選択"
"ICE","","","","Food Item","食事アイテム"
"ICE","","","","Amount","個数"
"ICE","","","","Use no gathering food","採取用の食事を使わない"
"ICE","","","","Disable Pathfinding Between Gathering Nodes","採取ノード間の経路探索を無効化"
"ICE","","","","This will disable the pathfinding between the nodes WHILE in the mission
But still allow the automation of skills/gathering actions/desynth between missions
This is VERY testing beta, so there might be issues
I swear on cuthulu's name if you enable this then ask ""Why it don't work""You'll be banned by the shadow realm","ミッション中のノード間の経路探索を無効にします
スキル/採取アクション/精選の自動化はそのまま動作します
ベータ段階なので不具合があるかもしれません
これを有効にして「なぜ動かないの」と聞いたら、影の領域に追放します"
"ICE","","","","Gathering Profile Settings","採取プロファイル設定"
"ICE","","","","Profile Selection","プロファイル選択"
"ICE","","","","Gathering Settings","採取設定"
"ICE","","","","Short answer: It's built in now
Long answer: Honestly, this was a cumbersome system in itself. And with square deciding to not continue on with dual crafting missions going into the 2nd moon, I figured it would be better to just tie it into the scoring system. You realistically only need:
Gold: 3 Items
Silver: 2 Items
Bronze: 1 Item
to be able to hit the threshold. And even then, if you manage to not hit it on the first attempt, it'll just keep gathering. Plus. This makes it to where I can not have to worry about profile managing on fishing for... 4 missions? Seemed minorly reduntant in my eyes.
So now how it'll work. Select the turnin option (Gold/Any both work the same) and it will now gather up to the necessary amount -> turnin when it's ready.
NOW NONE OF YOU CAN TELL IT TO CRAFT 27 ITEMS. STOP IT. IT SAID CRAFT (╯°Д°)╯︵/(.□ . \)","短い答え: 今は組み込み済みです
長い答え: 正直、この仕組み自体が煩雑でした。2つ目の月以降スクエニがデュアルクラフトミッションを続けないと決めたこともあり、スコアシステムに組み込む方が良いと判断しました。実際に必要なのは：
ゴールド: 3個
シルバー: 2個
ブロンズ: 1個
で閾値に届きます。初回で届かなくても採取を続けるだけです。加えて、釣りの…4ミッション分のプロファイル管理を気にしなくて済みます。少し冗長に思えたので。
動作は、納品オプション（ゴールド/任意どちらも同じ）を選ぶと、必要数まで採取して準備ができ次第納品します。
もう誰も27個製作しろとは言わないでください。やめて。「製作」って言ったでしょ (╯°Д°)╯︵/(.□ . \)"
"ICE","","","","Reset Fishing Presets","釣りプリセットをリセット"
"ICE","","","","Will reset all fishing presets to their default internal settings
Hold Left Shift to allow applying","全ての釣りプリセットを内蔵の既定設定に戻します
左Shiftを押しながらで適用できます"
"ICE","","","","Auto-Open Overlay","オーバーレイを自動で開く"
"ICE","","","","Open Overlay","オーバーレイを開く"
"ICE","","","","Show Mastery Score","マスタリースコアを表示"
"ICE","","","","Mission Commands","ミッションコマンド"
"ICE","","","","Command","コマンド"
"ICE","","","","Delay","遅延"
"ICE","","","","Increase Fishing Speed","釣り速度を上げる"
"ICE","","","","This is your warning, this will just apply a clown head to you every minute or so from glamourer.
100% a joke setting, don't take it seriously. I don't have the technology for this","警告: これは Glamourer で1分ごとにピエロの頭を被せるだけの設定です。
100%ジョークなので真に受けないでください。そんな技術はありません"
"ICE","","","","Mission Priority Settings","ミッション優先度設定"
"ICE","","","","Mission Priority Order","ミッション優先順"
"ICE","","","","Provisional: Type Order","臨時: 種類の順序"
"ICE","","","","Provisional: Job Order","臨時: ジョブの順序"
"ICE","","","","ReOrder","並べ替え"
"ICE","","","","Provisional Job Priority","臨時ミッションのジョブ優先度"
"ICE","","","","Order you would like to do the provisional mission in, if multiple are selected and the option to do multiple classes is enabled","複数選択時に臨時ミッションを行うジョブの順序です（複数クラスを許可する設定が有効な場合）"
"ICE","","","","Allow for all Provisional Jobs","全ジョブの臨時ミッションを許可"
"ICE","","","","Job Priority Order","ジョブ優先順"
"ICE","","","","Auto Close Reward Popups","報酬ポップアップを自動で閉じる"
"ICE","","","","Apply to all classes","全クラスに適用"
"ICE","","","","Apply to specific class","特定のクラスに適用"
"ICE","","","","Select Turnin Options","納品オプションを選択"
"ICE","","","","Gold","ゴールド"
"ICE","","","","Silver","シルバー"
"ICE","","","","Bronze","ブロンズ"
"ICE","","","","Apply","適用"
"ICE","","","","You can buy cosmocredit items from the list!","コスモクレジットのアイテムをリストから購入できます！"
"ICE","","","","Cosmo Materia Shop","コスモマテリアショップ"
"ICE","","","","Icons","アイコン"
"ICE","","","","Names","名前"
"ICE","","","","Cosmo Gear Shop","コスモ装備ショップ"
"ICE","","","","Order","順序"
"ICE","","","","Have","所持"
"ICE","","","","Cost","価格"
"ICE","","","","Keep","残す"
"ICE","","","","Buy","購入"
"ICE","","","","Keep Buying","購入し続ける"
"ICE","","","","Buy Booklets","交換券を購入"
"ICE","","","","Buy Booklets @","交換券を購入 @"
"ICE","","","","Buy Mounts","マウントを購入"
"ICE","","","","Buy Mount @","マウントを購入 @"
"ICE","","","","Mount Token Info","マウントトークン情報"
"ICE","","","","Planet","惑星"
"ICE","","","","Booklets","交換券"
"ICE","","","","Mount","マウント"
"ICE","","","","Stops when every non-provisional, non-critical mission for your selected job on the current moon is gold.
Timed, weather, sequence, and red alert missions are not counted.","現在の月で、選択ジョブの臨時・緊急を除く全ミッションがゴールドになったら停止します。
時限・天候・シーケンス・緊急ミッションは数えません。"
"ICE","","","","Sound Volume","音量"
"ICE","","","","Test Sound Alert","サウンドアラートをテスト"
"ICE","","","","Gathering Fan Selection","採取の扇形範囲"
"ICE","","","","This will adjust how much of the center point of the fan it will randomize from.
360 = the whole fan will be available for selection
Anything besides that will chose within that fan (if it's available)","扇形の中心からどの範囲でランダムに立ち位置を選ぶかを調整します。
360 = 扇形全体が選択対象になります
それ以外の値なら、その範囲内（利用可能なら）から選びます"
"ICE","","","","Except for hub activities","拠点での活動は除く"
"ICE","","","","When enabled, Stellar Return will still be used to return to the hub
for activities like credit purchases, gambling, drone bits, and repairs.","有効にすると、クレジット購入・ガンブル・ドローンビット・修理などの活動のために
拠点へ戻る場合はステラリターンを使い続けます。"
"ICE","","","","Add delay to athernet / npc travel","エーテネット/NPC移動に遅延を追加"
"ICE","","","","Adds a random delay before interacting with the aethershard / red alert npc travel.
The delays will be before, and a little bit inbetween interacting with menus","エーテライト/緊急ミッションNPCでの移動前にランダムな遅延を入れます。
操作前と、メニュー操作の合間にも少し遅延します"
"ICE","","","","Set to current location","現在地に設定"
"ICE","","","","Show fishing spot raycast","釣り場のレイキャストを表示"
"ICE","","","","Overlay Settings","オーバーレイ設定"
"ICE","","","","Weather/Time Info","天候/時間情報"
"ICE","","","","Current","現在"
"ICE","","","","Next","次"
"ICE","","","","Open ICE","ICEを開く"
"ICE","","","","Overlay Mode Select","オーバーレイのモード選択"
"ICE","","","","Change mode","モード変更"
"ICE","","","","Stop Drone Finder","ドローン探索を停止"
"ICE","","","","Stop after current mission: ON","現在のミッション後に停止: ON"
"ICE","","","","Stop after current mission: OFF","現在のミッション後に停止: OFF"
"ICE","","","","No mission","ミッションなし"
"ICE","","","","Icon","アイコン"
"ICE","","","","Mission","ミッション"
"ICE","","","","Name","名前"
"ICE","","","","Weather","天候"
"ICE","","","","Timed","時限"
"ICE","","","","Relic Tool XP","レリックツール経験値"
"ICE","","","","Stop At Relic Lv.","レリックLv.で停止"
"ICE","","","","Mission:","ミッション:"
"ICE","","","","Details","詳細"
"ICE","","","","Craft Details","製作詳細"
"ICE","","","","Completion Stats","完了統計"
"ICE","","","","Mission Exp[s]","ミッション経験値"
"ICE","","","","Detailed Mission Info","ミッション詳細情報"
"ICE","","","","Job(s)","ジョブ"
"ICE","","","","Jobs","ジョブ"
"ICE","","","","Completed:","完了:"
"ICE","","","","Gathering Zone","採取エリア"
"ICE","","","","Critical Area","緊急エリア"
"ICE","","","","Mission Skill","ミッションスキル"
"ICE","","","","Supplied Items","支給アイテム"
"ICE","","","","Notes [Hover over]","メモ [ホバーで表示]"
"ICE","","","","Next Sequence:","次のシーケンス:"
"ICE","","","","Previous Sequence:","前のシーケンス:"
"ICE","","","","The following missions are required to have gold before you can do this one","このミッションを行うには、次のミッションでゴールド評価が必要です"
"ICE","","","","Leveling mode mission","レベリングモード対象ミッション"
"ICE","","","","Exp Rewards","経験値報酬"
"ICE","","","","Class Exp","クラス経験値"
"ICE","","","","% of Level","レベルの%"
"ICE","","","","Mission Atributes","ミッション属性"
"ICE","","","","None","なし"
"ICE","","","","Reset Stats","統計をリセット"
"ICE","","","","Hold Shift + Control","Shift + Ctrl を押しながら"
"ICE","","","","Best Time: --:--:--","最速: --:--:--"
"ICE","","","","Average Time: --:--:--","平均: --:--:--"
"ICE","","","","Estimated Score Per Hour:","推定スコア/時:"
"ICE","","","","This is ASSUMING:","前提条件："
"ICE","","","","1: You have immaculate rng of getting the mission you want every time","1: 毎回狙ったミッションを引ける理想的な運があること"
"ICE","","","","2: You're hitting the threshold every time","2: 毎回閾値に到達していること"
"ICE","","","","This is based on your average time.
So get a good couple of runs to get a good feel for the timing","平均タイムに基づく値です。
何回か周回してタイミングの感覚を掴んでください"
"ICE","","","","Mission Timers","ミッションタイマー"
"ICE","","","","All","全て"
"ICE","","","","Time","時間"
"ICE","","","","State","評価"
"ICE","","","","Expert Craft","高難易度製作"
"ICE","","","","Macro Name","マクロ名"
"ICE","","","","Refresh Artisan Macros","Artisan マクロを再読込"
"ICE","","","","Test Apply","適用テスト"
"ICE","","","","Use after this many steps","この手数の後に使用"
"ICE","","","","Node Location","ノード位置"
"ICE","","","","Relic Mode: Auto Upgrade Tool","レリックモード: 主道具を自動強化"
"ICE","","","","Relic Mode: Prioritize Incomplete D-B","レリックモード: D〜B未達成ミッションを優先"
"ICE","","","","Auto (any other job)","自動(納品ジョブ以外の任意のジョブ)"
"ICE","","","","When the tool's analysis reaches the required value: return to the hub, walk to Researchingway,
swap to another job (the tool must not be equipped), upgrade the tool, swap back to the original job,
equip the best gear (Stylist if installed, otherwise the game's recommended gear) and resume missions.
The temporary job comes from ""Job Swap Settings"" if it has a gearset, otherwise any other job with a gearset.","主道具の分析が規定値に達したら: 拠点に戻り、リサーチングウェイまで移動し、
別のジョブに切り替え（主道具を装備したままでは強化できないため）、主道具を強化し、元のジョブに戻り、
最強装備を行い（Stylist があればそれを、無ければゲームのおすすめ装備）、ミッションを再開します。
一時ジョブは「ジョブ切替設定」のジョブにギアセットがあればそれを、無ければギアセットのある他の任意のジョブを使います。"
"ICE","","","","Take D/C/B rank missions you have never completed before picking by relic exp,
so the completion count needed to unlock the next rank keeps growing.","レリック経験値で選ぶ前に、一度も達成していない D/C/B ランクのミッションを優先して受注します。
次のランク解放に必要な達成数を積み上げるためです。"
"ICE","","","","The job to swap to while the tool is upgraded (the tool must not be equipped).
""Auto"" picks any other job that has a gearset (battle jobs first). It does not have to be a battle job.
In Relic Grind mode the swap happens automatically even if the checkbox above is off.","主道具を強化する間に切り替えるジョブです（主道具を装備したままでは強化できません）。
「自動」はギアセットのある他の任意のジョブを選びます（戦闘職を優先）。戦闘職である必要はありません。
レリック周回モードでは上のチェックが外れていても自動で切り替えます。"
"ICE","","","","If Stylist is not installed, the game's recommended gear is equipped instead. The gearset is updated afterwards either way.","Stylist が入っていない場合はゲームのおすすめ装備を装備します。どちらの場合もその後にギアセットを更新します。"
"ICE","","","","When the tool's analysis reaches the required value, the plugin returns to the hub, swaps to another job, upgrades the tool at Researchingway, swaps back, equips the best gear and resumes (Mission Settings: ""Relic Mode: Auto Upgrade Tool"").","主道具の分析が規定値に達すると、拠点に戻り、別のジョブに切り替え、リサーチングウェイで主道具を強化し、元のジョブに戻って最強装備を行い、再開します（ミッション設定: 「レリックモード: 主道具を自動強化」）。"
"ICE","","","","D/C/B rank missions you have never completed are taken first so the next rank keeps unlocking (Mission Settings: ""Relic Mode: Prioritize Incomplete D-B"").","一度も達成していない D/C/B ランクのミッションを優先して受注し、次のランクが解放され続けるようにします（ミッション設定: 「レリックモード: D〜B未達成ミッションを優先」）。"
"ICE","","","","Buy Leveling Gear","レベリング装備を購入"
"ICE","","","","No","いいえ"
"ICE","","","","Items to buy","購入予定の装備"
"ICE","","","","Purchase in progress","購入処理中です"
"ICE","","","","Leveling: Auto Equip Best Gear","レベリング: 自動で最強装備を行う"
"ICE","","","","After each leveling mission and after buying leveling gear, equip the best gear
(Stylist if installed, otherwise the game's recommended gear) and update the gearset.
Turned on automatically when you press ""Buy Leveling Gear"".","レベリングミッションの後とレベリング装備の購入後に最強装備を行い
（Stylist があればそれを、無ければゲームのおすすめ装備）、ギアセットを更新します。
「レベリング装備を購入」を押すと自動で ON になります。"
"ICE","","","","Sell Leveling Gear","レベリング装備を売却"
"ICE","","","","Items to sell","売却予定の装備"
"ICE","","","","→ Leveling (relic fallback)","→ レベリング中（レリック条件待ち）"
"ICE","","","","Manual","手動"
"ICE","","","","Delete","削除"
"ICE","","","","Import","インポート"
"ICE","","","","ExpBar","経験値バー"
"ICE","","","","Filters which planets appear in the
mission list and the overlay.","ミッション一覧とオーバーレイに表示する
惑星を絞り込みます。"
"ICE","","","","Scan Open Wheel","開いているホイールをスキャン"
"ICE","","","","Recategorize","再分類"
"ICE","","","","Will only work while using ICE and not manual mode
Will also pause pandora cordial usage while on the moon","ICE 使用中のみ動作します(手動モードでは無効)
月にいる間は Pandora のコーディアル使用も一時停止します"
"ICE","","","","Set to -1 to allow for infinite uses 
Set to 1-> X to set maximum amount of uses per mission","-1 にすると無制限に使用します
1 以上にするとミッションごとの最大使用回数になります"
"ICE","","","","PLEASE NOTE:
This will wipe out all your current profiles, and apply what I would suggest for each one.
For most of you this would be fine, this is really only here if you don't know what to apply for each one.If you're okay with this, hold left shift and apply","ご注意:
現在のプロファイルをすべて消去し、作者おすすめの設定を各プロファイルに適用します。
ほとんどの方はこれで問題ありませんが、どの設定にすればよいか分からない場合のための機能です。よければ左 Shift を押しながら適用してください"
"ICE","","","","UI Language","UI 言語"
"ICE","","","","UI Language##uiLang","UI 言語##uiLang"
"ICE","","","","Reload dictionary","辞書を再読み込み"
"ICE","","","","Translations come from the CSV dictionary bundled with the plugin (localization\ICE_v1.0.csv).
To override or add entries, put a CSV with the same columns in <plugin config folder>\localization\.","翻訳はプラグイン同梱の CSV 辞書(localization\ICE_v1.0.csv)から読み込みます。
上書きや追加をしたい場合は、同じ列構成の CSV を <プラグイン設定フォルダ>\localization\ に置いてください。"
"ICE","","","","Anything below 0 to keep all logs
Above 0 to keep a set limit","0 未満ならログをすべて保持します
0 より大きい値ならその件数までログを保持します"
"ICE","","","","Input below a list of commands that you would like to run after a run has been completed. 
This is kind of my way of letting you somewhat script/set up a sequence of other things that you would like to do that might not be included in the plugin itself. 
If you want something more complex, just make an SND script at that point. And have this run that script post lol.","実行完了後に実行したいコマンドを下に入力してください。
プラグイン自体には含まれていない一連の処理を、簡易的にスクリプト化して設定するための機能です。
もっと複雑なことをしたい場合は SND スクリプトを作り、ここからそのスクリプトを実行するようにしてください。"
"ICE","","","","Warning! This is a safety feature to avoid joining random parties!
If you you uncheck this, YOU WILL JOIN random party invites.
You have been warned. Disable at your own risk.","警告! これは見知らぬパーティへの参加を防ぐための安全機能です!
チェックを外すと、届いたパーティ勧誘に自動で参加してしまいます。
警告はしました。無効化は自己責任でお願いします。"
"ICE","","","","This is here for safety! If you want to decrease the delay between missions be my guest.
Safety is around... 250? If you're having animation locks you can absolutely increase it higher
Or if you're feeling daredevil. Lower it. I'm not your dad (will tell dad jokes though.","安全のための設定です。ミッション間の待機を短くしたければご自由にどうぞ。
安全圏はおよそ 250 前後です。アニメーションロックが起きるなら、もっと大きくしても構いません
度胸があるなら下げても構いません。自己責任でお願いします。"
"ICE","","","","This is here for safety! If you want to decrease the delay before turnin be my guest.
Safety is around... 2500? If you're having animation locks you can absolutely increase it higher
Or if you're feeling daredevil. Lower it. I'm not your dad (will tell dad jokes though.","安全のための設定です。納品前の待機を短くしたければご自由にどうぞ。
安全圏はおよそ 2500 前後です。アニメーションロックが起きるなら、もっと大きくしても構いません
度胸があるなら下げても構いません。自己責任でお願いします。"
"ICE","","","","Keep: Will buy up to that many items to make sure that you have in your inventory. This count doesn't go down between runs.
Useful for things like cordials where you want to always have a certain amount on hand","Keep(保持): 所持数がその数になるまで購入します。この数は実行をまたいでも減りません。
コーディアルなど、常に一定数を手元に置いておきたいものに便利です"
"ICE","","","","Buy: Will buy X amount of those items, as it buys it from the vendor, the number will decrease until it hits 0.
Good for one off buys, or something that you only need a particular amount of","Buy(購入): 指定した数だけ購入します。店で買うたびに数が減り、0 になると止まります。
一度きりの購入や、特定の数だけ必要なものに向いています"
"ICE","","","","Keep Buying: Once the other 2 have been met (Keep/Buy), it will constantly buy this item if it has the credits to do so.
This can only be set to 1 item, and gererally used for things you want to just spend your credits on","Keep Buying(買い続ける): 上の 2 つ(Keep/Buy)を満たしたあと、クレジットがある限りこのアイテムを買い続けます。
1 アイテムにしか設定できず、余ったクレジットをつぎ込みたいものに使います"
"ICE","","","","Always navigate to the closest targetable node instead of following the fixed route order.
Useful for timed EX+ missions where speed matters.","固定のルート順ではなく、常に最も近いターゲット可能なノードへ移動します。
速さが重要な時間制限付き EX+ ミッションで有効です。"
"ICE","","","","When enabled, the pathfinder will not use Stellar Return to travel to gathering nodes.
This applies to both Hub Return and Hub + Aethernet travel methods.","有効にすると、採集ノードへの移動にコスモデジョン(Stellar Return)を使いません。
「拠点へ帰還」と「拠点＋エーテライト」の両方の移動方式に適用されます。"
"ICE","","","","When stuck during navmesh movement for the configured delay:
- Jump: attempts to jump over the obstacle
- Retarget: stops and re-pathfinds to the destination (re-randomizes if enabled)","ナビメッシュ移動中に設定した時間スタックしたとき:
- Jump: ジャンプで障害物を越えようとします
- Retarget: 停止して目的地への経路を引き直します(ランダム化が有効なら再ランダム化)"
"ICE","","","","♥ Ko-fi (Buy me an ice coffee)","♥ Ko-fi (作者にアイスコーヒーをおごる)"
"ICE","","","","No path files found.","パスファイルが見つかりません。"
"ICE","","","","New Path Name","新しいパス名"
"ICE","","","","Create New Path","新しいパスを作成"
"ICE","","","","Path File","パスファイル"
"ICE","","","","Test Route","ルートをテスト"
"ICE","","","","Add New Waypoint:","ウェイポイントを追加:"
"ICE","","","","Add Current POS","現在位置を追加"
"ICE","","","","Set X","X を設定"
"ICE","","","","Set Y","Y を設定"
"ICE","","","","Set Z","Z を設定"
"ICE","","","","Add Waypoint","ウェイポイントを追加"
"ICE","","","","Save Path File","パスファイルを保存"
"ICE","","","","Item Details","アイテム詳細"
"ICE","","","","Dropdown Detail","設定項目"
"ICE","","","","Dropdown Selection","選択"
"ICE","","","","Carpenter (CRP)","木工師 (CRP)"
"ICE","","","","Blacksmith (BSM)","鍛冶師 (BSM)"
"ICE","","","","Armorer (ARM)","甲冑師 (ARM)"
"ICE","","","","Goldsmith (GSM)","彫金師 (GSM)"
"ICE","","","","Leatherworker (LTW)","革細工師 (LTW)"
"ICE","","","","Weaver (WVR)","裁縫師 (WVR)"
"ICE","","","","Alchemist (ALC)","錬金術師 (ALC)"
"ICE","","","","Culinarian (CUL)","調理師 (CUL)"
"ICE","","","","Miner (MIN)","採掘師 (MIN)"
"ICE","","","","Botanist (BTN)","園芸師 (BTN)"
"ICE","","","","Fisher (FSH)","漁師 (FSH)"
"ICE","","","","Id","ID"
"ICE","","","","Cosmo Credits","コスモクレジット"
"ICE","","","","Lunar Credits","惑星クレジット"
"ICE","","","","Exp I","経験値 I"
"ICE","","","","Exp II","経験値 II"
"ICE","","","","Exp III","経験値 III"
"ICE","","","","Exp IV","経験値 IV"
"ICE","","","","Exp V","経験値 V"
"ICE","","","","Map Location","マップ位置"
"ICE","","","","Expert Recipe Solver","エキスパートレシピソルバー"
"ICE","","","","Artisan Macro","Artisan マクロ"
"ICE","","","","Unknown","不明"
"ICE","","","","Standard Mode","標準モード"
"ICE","","","","Leveling Grind Mode","レベリング周回モード"
"ICE","","","","Gold Completion Grind Mode","金評価周回モード"
"ICE","","","","Cosmic Agenda Mode","コスモアジェンダモード"
"ICE","","","","Gold Completion Mode","金評価モード"
"ICE","","","","Selected Relic Level","指定したレリックLv"
"ICE","","","","Credit Amount","コスモクレジット数"
"ICE","","","","Planetary Credit Amount","惑星クレジット数"
"ICE","","","","Planetary Dronebit Amount","惑星ドローンビット数"
"ICE","","","","Class Level","クラスLv"
"ICE","","","","All Missions Golded","全ミッション金評価達成"
"ICE","","","","Max Tool Exp","ツール経験値MAX"
"ICE","","","","Welcome","はじめに"
"ICE","","","","Unknown Job","不明なジョブ"
"ICE","","","","Settings","設定"
"ICE","","","","Max use","最大使用回数"
"ICE","","","","Increases the number of items obtained when gathering by 2
Will only apply when the gathering node has full durability","採集時の獲得数を 2 増やします
採集ノードの耐久が最大のときのみ適用されます"
"ICE","","","","Increases the number of items obtained when gathering by 1
Will only apply when the gathering node has full durability","採集時の獲得数を 1 増やします
採集ノードの耐久が最大のときのみ適用されます"
"ICE","","","","What's the minimum durability a node can have before this action is activated?
Mainly used for missions where you can chain durability refresh","このアクションを使う条件となる、ノードの最低耐久値です
主に耐久回復を連鎖できるミッションで使います"
"ICE","","","","Increase the Integrity by 1
50% chance to grant Eureka Moment","耐久を 1 回復します
50% の確率でユリイカモーメントが付与されます"
"ICE","","","","Increases the gather chance by 50%
Please note: You can have multiple enabled, but only the one that will get you the closest to 100% the cheapest will be applied","採集率を 50% 上げます
注意: 複数有効にできますが、最も安く 100% に近づけられるものだけが使われます"
"ICE","","","","Increases the gather chance by 15%
Please note: You can have multiple enabled, but only the one that will get you the closest to 100% the cheapest will be applied","採集率を 15% 上げます
注意: 複数有効にできますが、最も安く 100% に近づけられるものだけが使われます"
"ICE","","","","Increases the gather chance by 5%
Please note: You can have multiple enabled, but only the one that will get you the closest to 100% the cheapest will be applied","採集率を 5% 上げます
注意: 複数有効にできますが、最も安く 100% に近づけられるものだけが使われます"
"ICE","","","","Increases the gather chance by 15%
This can be applied with normal field mastery, but will only apply per hit","採集率を 15% 上げます
通常のフィールドマスタリーと併用できますが、1 回の採集ごとにしか適用されません"
"ICE","","","","Automatically removes the Star Contributor visual effect (the glow you get for being a top contributor).
The buff restores itself when you re-enter the zone.","スターコントリビューターの視覚効果(上位貢献者になると付く光)を自動で消します。
エリアに入り直すとバフは元に戻ります。"
"ICE","","","","This will check to see if you're on a gathering/crafting class upon first entering the moon.
If you are, it will automatically start as if you had pressed the start button yourself
Really useful if you have a tool to auto-log you in/if you just want to enter the moon and go
This will ONLY run upon first entry.","月に入った直後、ギャザラー/クラフターのクラスかどうかを確認します。
そうであれば、スタートボタンを押したのと同じように自動で開始します
自動ログインツールを使っている場合や、月に入ってすぐ動かしたい場合に便利です
最初に入ったときにのみ動作します。"
"ICE","","","","This does abosolutely nothing
But I know there's going to be people who enable this and don't read, so it's a tehe.
Thanks for using my plugin though, it means a lot <3","これは何もしません
説明を読まずに有効にする人がいるだろうと思って入れた、ちょっとした遊びです。
プラグインを使ってくれてありがとう <3"
"ICE","","","","Order you would like to do the actions. It will work from the top down.
So if you Have Red Arert -> Drone Search, if a red alert isn't available, it will proceed to use a drone box if it can","行動の優先順です。上から順に処理します。
例えば 緊急ミッション → ドローン探索 の順なら、緊急ミッションが無いときにドローン探索を行います"
"ICE","","","","When do you wanna buy drones from the vendor?
Set in incriments of 200, max of 5,000","ドローンをいくつ以下になったら店で買いますか?
200 刻みで設定します(最大 5,000)"
"ICE","","","","What's the maximum amount of drones you wanna keep?
0 = will just keep buying
Anything above 0 will just be a hard cap and will stop buying if it reaches this","保持するドローンの上限はいくつですか?
0 = 買い続けます
0 より大きい値は上限になり、その数に達したら購入を止めます"
"ICE","","","","Do you want to run the automated drone finding? If yes, enable this
PLEASE NOTE. DO. NOT. LEAVE. THIS. ALONE. This is still being worked on heavily","ドローンの自動探索を行いますか? 行うなら有効にしてください
注意: 放置しないでください。この機能はまだ開発中です"
"ICE","","","","A way for you to save your own positions if you choose to not use a randomized spot that's included in the plugin
You don't have to use this, it will just use a random spot if:
1: A position is saved:
2: A random spot even is saved","プラグイン内蔵のランダム地点を使いたくない場合に、自分の位置を保存するための機能です
使わなくても構いません。次の場合はランダム地点が使われます:
1: 位置が保存されていない
2: ランダム地点が保存されている"
"ICE","","","","Appraise Ancient Records after the search","探索後、古代の記録を自動鑑定する"
"ICE","","","","When enabled, once every energy pack has been used the plugin goes to the drone NPC (Kaede) and appraises all the Ancient Records.
When disabled, it skips the appraisal and only returns to the hub with Stellar Return.","有効にすると、エネルギーパックを使い切ったあとにドローンNPC(カエデ)へ向かい、古代の記録をすべて鑑定します。
無効にすると鑑定は行わず、コスモデジョンで拠点へ戻るだけになります。"
"ICE","","","","Appraise now","すぐに自動鑑定する"
"ICE","","","","Stop appraisal","鑑定を停止"
"ICE","","","","Appraise now: walks to the drone NPC (Kaede), talks to it and appraises the Ancient Records one after another.
Stop appraisal: aborts the appraisal (and anything else ICE is doing) and closes the appraisal windows.","すぐに自動鑑定する: ドローンNPC(カエデ)へ向かって話しかけ、古代の記録を連続で鑑定します。
鑑定を停止: 鑑定(および ICE の動作)を中止し、鑑定ウィンドウを閉じます。"
"ICE","","","","Appraising...","鑑定中..."
"ICE","","","","Available only on planets that have a drone NPC (Oizys / Auxesia).","ドローンNPCのいる惑星(オイジュス / アウクセシア)でのみ使えます。"
"ICE","","","","There is no drone NPC on this planet, so nothing can be appraised here.","この惑星にはドローンNPCがいないため、鑑定できません。"
"ICE","","","","ICE is busy. Stop the current run before starting the appraisal.","ICE が動作中です。鑑定を始める前に現在の動作を停止してください。"
"ICE","","","","Heading to the drone NPC to appraise the Ancient Records.","ドローンNPCへ向かい、古代の記録を鑑定します。"
"ICE","","","","Appraisal finished.","鑑定が完了しました。"
"ICE","","","","Appraisal stopped.","鑑定を停止しました。"
"ICE","","","","Stopped.","停止しました。"
"ICE","","","","The appraisal kept failing, so it was stopped.","鑑定が繰り返し失敗したため停止しました。"
"ICE","","","","Artisan did not start crafting, so ICE stopped it and will retry the craft.","Artisan が製作を開始しなかったため、Artisan を停止して製作をやり直します。"
"ICE","","","","Artisan kept failing to start crafting, so the mission was abandoned.","Artisan が製作を開始できない状態が続いたため、ミッションを放棄しました。"
